{"cameraMode":{"drawMode":0,"name":"Shaded","section":"Shading Mode"},"sceneLighting":true,"audioPlay":false,"sceneViewState":{"m_AlwaysRefresh":false,"showFog":true,"showSkybox":true,"showFlares":true,"showImageEffects":true,"showParticleSystems":true,"showVisualEffectGraphs":true,"m_FxEnabled":true},"in2DMode":false,"pivot":{"x":0.8416852951049805,"y":2.678290605545044,"z":-2.6382672786712648},"rotation":{"x":-0.08449352532625199,"y":0.9029892683029175,"z":-0.2083924114704132,"w":-0.36612042784690859},"size":2.8846359252929689,"orthographic":false}